profile_name, picture,picture
test, test,
doctorivs,,https://instagram.fcdg2-1.fna.fbcdn.net/v/t51.2885-19/s150x150/102371520_211160983184110_8918189102663204864_n.jpg?_nc_ht=instagram.fcdg2-1.fna.fbcdn.net&_nc_ohc=ZI-g6LaeM6EAX-CelXm&oh=f35262cbf2a0d061ea5849e502ed59b4&oe=5F24D0EC
edwinlui92,,https://instagram.fcdg2-1.fna.fbcdn.net/v/t51.2885-19/s150x150/101567561_308422756825382_7491419727349153792_n.jpg?_nc_ht=instagram.fcdg2-1.fna.fbcdn.net&_nc_ohc=6arCO3uJMDgAX_fBRip&oh=c931ac98ae7ad67d46e1c097cd6d2b3e&oe=5F221351
morgan_lebarbu,,https://instagram.fcdg2-1.fna.fbcdn.net/v/t51.2885-19/s150x150/104430979_556593268358625_8257522701942969476_n.jpg?_nc_ht=instagram.fcdg2-1.fna.fbcdn.net&_nc_ohc=Mbq1zY90mREAX90bIMo&oh=fff4ccca84358e38b6925bbfa686be82&oe=5F219AAD
zabdivq,,https://instagram.fcdg2-1.fna.fbcdn.net/v/t51.2885-19/s150x150/74656386_583625572392539_6386775802632994816_n.jpg?_nc_ht=instagram.fcdg2-1.fna.fbcdn.net&_nc_ohc=Cyajj0La9swAX8xW2G7&oh=89f338648c06bfbeb7fd73151bc46cf3&oe=5F253128
_oraziofusco_,,https://instagram.fcdg2-1.fna.fbcdn.net/v/t51.2885-19/s150x150/94734969_863210367479778_200632611184312320_n.jpg?_nc_ht=instagram.fcdg2-1.fna.fbcdn.net&_nc_ohc=o06SJfAlxbgAX-lum_m&oh=7c0e31dae52b5476ece92e597506dce3&oe=5F2326F0
willhombre,,https://instagram.fcdg2-1.fna.fbcdn.net/v/t51.2885-19/s150x150/58409386_362470934372930_3007571439097217024_n.jpg?_nc_ht=instagram.fcdg2-1.fna.fbcdn.net&_nc_ohc=KP0W4-IC1SQAX9iJ-6W&oh=929f82001c607987289b894edaa16133&oe=5F23A9B0
edwinlui92,,https://instagram.fcdg2-1.fna.fbcdn.net/v/t51.2885-19/s150x150/101567561_308422756825382_7491419727349153792_n.jpg?_nc_ht=instagram.fcdg2-1.fna.fbcdn.net&_nc_ohc=6arCO3uJMDgAX_fBRip&oh=c931ac98ae7ad67d46e1c097cd6d2b3e&oe=5F221351
apaire2,,https://instagram.fcdg2-1.fna.fbcdn.net/v/t51.2885-19/s150x150/34393206_337124606818731_95333907305594880_n.jpg?_nc_ht=instagram.fcdg2-1.fna.fbcdn.net&_nc_ohc=W-mjiAOQkOgAX-NSbSI&oh=2c3ec11ecca846763ed81da547a01d9b&oe=5F215B7B
hommedefrance13,,https://instagram.fcdg2-1.fna.fbcdn.net/v/t51.2885-19/s150x150/84632463_879078099219442_1788612905348890624_n.jpg?_nc_ht=instagram.fcdg2-1.fna.fbcdn.net&_nc_ohc=bz7mpXEL7uUAX-SZylp&oh=7cc711ed6d135dedf7ab979339da57db&oe=5F21B9FF
thefrenchbald,,https://instagram.fcdg2-1.fna.fbcdn.net/v/t51.2885-19/s150x150/95030049_1561643684002222_3771203146718642176_n.jpg?_nc_ht=instagram.fcdg2-1.fna.fbcdn.net&_nc_ohc=ntCOQM6Qq70AX_5JCRN&oh=48d6ece3bbad7de5b08ef23a8b79411f&oe=5F2514B0
tonybrownstyle,,https://instagram.fcdg2-1.fna.fbcdn.net/v/t51.2885-19/s150x150/69895197_2438854106208395_3822386791676116992_n.jpg?_nc_ht=instagram.fcdg2-1.fna.fbcdn.net&_nc_ohc=LJTip7Jc9RYAX-QeyU-&oh=00d065e2c984e9a54c1ecd1ebdd9373a&oe=5F22A6BA
yassotheberber,,https://instagram.fcdg2-1.fna.fbcdn.net/v/t51.2885-19/s150x150/66645816_913200185711322_6835122997666250752_n.jpg?_nc_ht=instagram.fcdg2-1.fna.fbcdn.net&_nc_ohc=_7zwIyFVgTIAX8t0SqU&oh=04283d62a9fafde9481c85ed50bd60b3&oe=5F22489F
morpheus_neo,,https://instagram.fcdg2-1.fna.fbcdn.net/v/t51.2885-19/s150x150/101784614_283291196195083_7319031526000601753_n.jpg?_nc_ht=instagram.fcdg2-1.fna.fbcdn.net&_nc_ohc=0y5E9Cm1ykoAX9WhwOb&oh=dc241bb84f52bc21eac2662e7a87602c&oe=5F24BC08
morpheus_neo,,https://instagram.fcdg2-1.fna.fbcdn.net/v/t51.2885-19/s150x150/101784614_283291196195083_7319031526000601753_n.jpg?_nc_ht=instagram.fcdg2-1.fna.fbcdn.net&_nc_ohc=0y5E9Cm1ykoAX9WhwOb&oh=dc241bb84f52bc21eac2662e7a87602c&oe=5F24BC08
morpheus_neo,,https://instagram.fcdg2-1.fna.fbcdn.net/v/t51.2885-19/s150x150/101784614_283291196195083_7319031526000601753_n.jpg?_nc_ht=instagram.fcdg2-1.fna.fbcdn.net&_nc_ohc=0y5E9Cm1ykoAX9WhwOb&oh=dc241bb84f52bc21eac2662e7a87602c&oe=5F24BC08
morpheus_neo,,https://instagram.fcdg2-1.fna.fbcdn.net/v/t51.2885-19/s150x150/101784614_283291196195083_7319031526000601753_n.jpg?_nc_ht=instagram.fcdg2-1.fna.fbcdn.net&_nc_ohc=0y5E9Cm1ykoAX9WhwOb&oh=dc241bb84f52bc21eac2662e7a87602c&oe=5F24BC08
morpheus_neo,,https://instagram.fcdg2-1.fna.fbcdn.net/v/t51.2885-19/s150x150/101784614_283291196195083_7319031526000601753_n.jpg?_nc_ht=instagram.fcdg2-1.fna.fbcdn.net&_nc_ohc=0y5E9Cm1ykoAX9WhwOb&oh=dc241bb84f52bc21eac2662e7a87602c&oe=5F24BC08
morpheus_neo,,https://instagram.fcdg2-1.fna.fbcdn.net/v/t51.2885-19/s150x150/101784614_283291196195083_7319031526000601753_n.jpg?_nc_ht=instagram.fcdg2-1.fna.fbcdn.net&_nc_ohc=0y5E9Cm1ykoAX9WhwOb&oh=dc241bb84f52bc21eac2662e7a87602c&oe=5F24BC08
morpheus_neo,,https://instagram.fcdg2-1.fna.fbcdn.net/v/t51.2885-19/s150x150/101784614_283291196195083_7319031526000601753_n.jpg?_nc_ht=instagram.fcdg2-1.fna.fbcdn.net&_nc_ohc=0y5E9Cm1ykoAX9WhwOb&oh=dc241bb84f52bc21eac2662e7a87602c&oe=5F24BC08
romainjl,,https://scontent-cdt1-1.cdninstagram.com/v/t51.2885-19/s150x150/101805778_180530086703639_5578072996591091572_n.jpg?_nc_ht=scontent-cdt1-1.cdninstagram.com&_nc_ohc=Pg0dFwIjy6cAX8-TP2r&oh=a29f77bf650d69f84247de3ca578dbb5&oe=5F23161A
morpheus_neo,,https://scontent-cdt1-1.cdninstagram.com/v/t51.2885-19/s150x150/101784614_283291196195083_7319031526000601753_n.jpg?_nc_ht=scontent-cdt1-1.cdninstagram.com&_nc_ohc=0y5E9Cm1ykoAX-e9dN8&oh=e4abfde0b1fabf1e26f8493cbb7f5d42&oe=5F24BC08
thefrenchbald,,https://instagram.fcdg2-1.fna.fbcdn.net/v/t51.2885-19/s150x150/95030049_1561643684002222_3771203146718642176_n.jpg?_nc_ht=instagram.fcdg2-1.fna.fbcdn.net&_nc_ohc=ntCOQM6Qq70AX_5JCRN&oh=48d6ece3bbad7de5b08ef23a8b79411f&oe=5F2514B0
don_corleone2.0.0,,https://scontent-cdt1-1.cdninstagram.com/v/t51.2885-19/s150x150/106199052_637236150522514_8544413149017064232_n.jpg?_nc_ht=scontent-cdt1-1.cdninstagram.com&_nc_ohc=FllH1IABwdUAX80s8LF&oh=6276751616aef80f4a4ceae17777bf30&oe=5F35B4B4
morgan_lebarbu,,https://scontent-cdt1-1.cdninstagram.com/v/t51.2885-19/s150x150/107214239_3210375282357018_3373890269217403591_n.jpg?_nc_ht=scontent-cdt1-1.cdninstagram.com&_nc_ohc=htzBqIrW8BwAX-w3KeL&oh=01cb10f9125f63bb67f7d62af8c2ba0e&oe=5F35B09B
anthony_ironbodyfit,,https://scontent-cdt1-1.cdninstagram.com/v/t51.2885-19/s150x150/92781373_165073321316842_6780124700195422208_n.jpg?_nc_ht=scontent-cdt1-1.cdninstagram.com&_nc_ohc=PduZzDD78o8AX8xXMl-&oh=bcda41e4498b70f4f128d209ec10d07a&oe=5F3737B0
<<<<<<< HEAD
sylv_beard_skin,,https://scontent-cdt1-1.cdninstagram.com/v/t51.2885-19/s150x150/108120635_736998387113948_6072271380856965963_n.jpg?_nc_ht=scontent-cdt1-1.cdninstagram.com&_nc_ohc=N5wJiwXtA9QAX92ln2m&oh=da4185030e35d53e7abe6b733ee24353&oe=5F40B238
roma_13_barbershop,,https://scontent-cdt1-1.cdninstagram.com/v/t51.2885-19/s150x150/92540467_290392938614817_1986771971852992512_n.jpg?_nc_ht=scontent-cdt1-1.cdninstagram.com&_nc_ohc=ulij0O2ca34AX_gPqhc&oh=03df4779fcae021724b14495836cf37c&oe=5F4029B3
doctorivs,,https://scontent-cdt1-1.cdninstagram.com/v/t51.2885-19/s150x150/102371520_211160983184110_8918189102663204864_n.jpg?_nc_ht=scontent-cdt1-1.cdninstagram.com&_nc_ohc=uO3yZTCgaUgAX-pznUX&oh=ddb1248f1b7837af4916c4b866c6963c&oe=5F40806C
doctorivs,,https://scontent-cdt1-1.cdninstagram.com/v/t51.2885-19/s150x150/102371520_211160983184110_8918189102663204864_n.jpg?_nc_ht=scontent-cdt1-1.cdninstagram.com&_nc_ohc=uO3yZTCgaUgAX-pznUX&oh=ddb1248f1b7837af4916c4b866c6963c&oe=5F40806C
=======
sylv_beard_skin,,https://scontent-cdt1-1.cdninstagram.com/v/t51.2885-19/s150x150/108120635_736998387113948_6072271380856965963_n.jpg?_nc_ht=scontent-cdt1-1.cdninstagram.com&_nc_ohc=SJE_T0gZuZYAX-da8WK&oh=651acd68247ae2d5dfb368ea2d3ee869&oe=5F44A6B8
sylv_beard_skin,,https://scontent-cdt1-1.cdninstagram.com/v/t51.2885-19/s150x150/108120635_736998387113948_6072271380856965963_n.jpg?_nc_ht=scontent-cdt1-1.cdninstagram.com&_nc_ohc=SJE_T0gZuZYAX-da8WK&oh=651acd68247ae2d5dfb368ea2d3ee869&oe=5F44A6B8
roma_13_barbershop,,https://scontent-cdt1-1.cdninstagram.com/v/t51.2885-19/s150x150/92540467_290392938614817_1986771971852992512_n.jpg?_nc_ht=scontent-cdt1-1.cdninstagram.com&_nc_ohc=gzHvoh3WsgsAX9KY7QF&oh=031e3e21da1c13c53b81c4ee1a08565b&oe=5F441E33
xoxo_ced,,https://scontent-cdt1-1.cdninstagram.com/v/t51.2885-19/s150x150/73014240_492131888092537_8439642296059691008_n.jpg?_nc_ht=scontent-cdt1-1.cdninstagram.com&_nc_ohc=VN8zSZakdOAAX8NkKcr&oh=91b45507bdb35ebc355bd3f525e98af0&oe=5F42C26E
dchairdresser,,https://scontent-cdt1-1.cdninstagram.com/v/t51.2885-19/s150x150/82003039_111925353581278_1946645337946980352_n.jpg?_nc_ht=scontent-cdt1-1.cdninstagram.com&_nc_ohc=XFK07T-q1uYAX9-k8jf&oh=5e3b8994cfd3696e85aa2d396da6520a&oe=5F40E22F
xoxo_ced,,https://scontent-cdt1-1.cdninstagram.com/v/t51.2885-19/s150x150/73014240_492131888092537_8439642296059691008_n.jpg?_nc_ht=scontent-cdt1-1.cdninstagram.com&_nc_ohc=VN8zSZakdOAAX8NkKcr&oh=91b45507bdb35ebc355bd3f525e98af0&oe=5F42C26E
dchairdresser,,https://scontent-cdt1-1.cdninstagram.com/v/t51.2885-19/s150x150/82003039_111925353581278_1946645337946980352_n.jpg?_nc_ht=scontent-cdt1-1.cdninstagram.com&_nc_ohc=XFK07T-q1uYAX9-k8jf&oh=5e3b8994cfd3696e85aa2d396da6520a&oe=5F40E22F
>>>>>>> 5f769dbcf3262bac76cd038271c86c8409d88085
